Business Name, Type, Address, Phone
Republic Restoratives,Distillery, 1369 New York Ave NE 20002,(202) 733-3996
SUCCOTASH Prime,Resturant,915 F St NW 20004,(202) 849-6933
MI VIDA at The Wharf,Resturant,98 District Square SW 20024,(202) 516-4656
MI VIDA 14th Street,Resturant,1901 14th St NW 20009,(202) 597-5445
MI VIDA at Penn Quarter,Resturant,575 7th St NW 20004,(202) 516-5470
THE GRILL,Resturant,99 Market Square SW 20024,(202) 916-5996
GATSBY,Resturant,1205 Half St SE Suite #105 20003,(202) 817-3005
MI CASA,Resturant,1647 20th St NW 20009,(202) 450-4595
Kneadza Pizza,Resturant,1330 19th St NW 20036,(202) 743-0134
tuTACO,Resturant,1330 19th St NW 20036,(202) 743-0134
Bistro Du Jour,Resturant,99 District Square SW 20024,(202) 984-7400